resolution,modularity,num_communities,avg_community_size,max_community_size
0.5,0.8186822704811598,95,42.51578947368421,472
1.0,0.8346428113707036,15,269.26666666666665,548
1.5,0.8345704058199341,19,212.57894736842104,547
2.0,0.8305116188655011,21,192.33333333333334,485
